<?xml version="1.0" encoding="UTF-8"?>
<project-private xmlns="http://www.netbeans.org/ns/project-private/1">
    <editor-bookmarks xmlns="http://www.netbeans.org/ns/editor-bookmarks/2" lastBookmarkId="0"/>
    <open-files xmlns="http://www.netbeans.org/ns/projectui-open-files/2">
        <group>
            <file>file:/C:/Users/hello/Documents/NetBeansProjects/CarCare/web/editform.jsp</file>
            <file>file:/C:/Users/hello/Documents/NetBeansProjects/CarCare/web/tambahmobilform.jsp</file>
            <file>file:/C:/Users/hello/Documents/NetBeansProjects/CarCare/web/css/login.css</file>
            <file>file:/C:/Users/hello/Documents/NetBeansProjects/CarCare/web/edit.jsp</file>
            <file>file:/C:/Users/hello/Documents/NetBeansProjects/CarCare/web/daftarmobil.jsp</file>
            <file>file:/C:/Users/hello/Documents/NetBeansProjects/CarCare/web/css/view.css</file>
            <file>file:/C:/Users/hello/Documents/NetBeansProjects/CarCare/web/contact.jsp</file>
            <file>file:/C:/Users/hello/Documents/NetBeansProjects/CarCare/web/delete.jsp</file>
            <file>file:/C:/Users/hello/Documents/NetBeansProjects/CarCare/web/css/index.css</file>
            <file>file:/C:/Users/hello/Documents/NetBeansProjects/CarCare/web/layouts/footer.jsp</file>
            <file>file:/C:/Users/hello/Documents/NetBeansProjects/CarCare/web/css/contact.css</file>
            <file>file:/C:/Users/hello/Documents/NetBeansProjects/CarCare/web/index.jsp</file>
            <file>file:/C:/Users/hello/Documents/NetBeansProjects/CarCare/web/login.jsp</file>
            <file>file:/C:/Users/hello/Documents/NetBeansProjects/CarCare/web/tambahmobilsukses.jsp</file>
            <file>file:/C:/Users/hello/Documents/NetBeansProjects/CarCare/web/css/form.css</file>
        </group>
    </open-files>
</project-private>
